{
	"observations": {
		"notice": [
			{
				"copyright": "Copyright Commonwealth of Australia 2016, Bureau of Meteorology. For more information see: http://www.bom.gov.au/other/copyright.shtml http://www.bom.gov.au/other/disclaimer.shtml",
				"copyright_url": "http://www.bom.gov.au/other/copyright.shtml",
				"disclaimer_url": "http://www.bom.gov.au/other/disclaimer.shtml",
				"feedback_url": "http://www.bom.gov.au/other/feedback"
			}
		],
		"header": [
			{
				"refresh_message": "Issued at 12:32 pm WST Wednesday 13 April 2016",
				"ID": "IDW60801",
				"main_ID": "IDW60800",
				"name": "York",
				"state_time_zone": "WA",
				"time_zone": "WST",
				"product_name": "Weather Observations",
				"state": "Western Australia"
			}
		],
		"data": [
			{
				"sort_order": 0,
				"wmo": 94623,
				"name": "York",
				"history_product": "IDW60801",
				"local_date_time": "13/09:00am",
				"local_date_time_full": "20160413090000",
				"aifstime_utc": "20160413010000",
				"lat": -31.9,
				"lon": 116.8,
				"apparent_t": 24.5,
				"cloud": "Partly cloudy",
				"cloud_base_m": 300,
				"cloud_oktas": 4,
				"cloud_type": "Towering Cumulus",
				"cloud_type_id": 32,
				"delta_t": 0.0,
				"gust_kmh": null,
				"gust_kt": null,
				"air_temp": 20.5,
				"dewpt": 20.5,
				"press": 1020.1,
				"press_msl": 1020.1,
				"press_qnh": null,
				"press_tend": "-",
				"rain_trace": "4.0",
				"rel_hum": 100,
				"sea_state": "-",
				"swell_dir_worded": "-",
				"swell_height": null,
				"swell_period": null,
				"vis_km": "20",
				"weather": "Fine",
				"wind_dir": "CALM",
				"wind_spd_kmh": 0,
				"wind_spd_kt": 0
			},
			{
				"sort_order": 1,
				"wmo": 94623,
				"name": "York",
				"history_product": "IDW60801",
				"local_date_time": "12/09:00am",
				"local_date_time_full": "20160412090000",
				"aifstime_utc": "20160412010000",
				"lat": -31.9,
				"lon": 116.8,
				"apparent_t": 21.3,
				"cloud": "Cloudy",
				"cloud_base_m": 100,
				"cloud_oktas": 8,
				"cloud_type": "-",
				"cloud_type_id": 37,
				"delta_t": 0.3,
				"gust_kmh": null,
				"gust_kt": null,
				"air_temp": 18.5,
				"dewpt": 18.0,
				"press": 1022.8,
				"press_msl": 1022.8,
				"press_qnh": null,
				"press_tend": "-",
				"rain_trace": "16.0",
				"rel_hum": 97,
				"sea_state": "-",
				"swell_dir_worded": "-",
				"swell_height": null,
				"swell_period": null,
				"vis_km": "3",
				"weather": "Drizzle",
				"wind_dir": "CALM",
				"wind_spd_kmh": 0,
				"wind_spd_kt": 0
			},
			{
				"sort_order": 2,
				"wmo": 94623,
				"name": "York",
				"history_product": "IDW60801",
				"local_date_time": "11/09:00am",
				"local_date_time_full": "20160411090000",
				"aifstime_utc": "20160411010000",
				"lat": -31.9,
				"lon": 116.8,
				"apparent_t": 17.1,
				"cloud": "Cloudy",
				"cloud_base_m": null,
				"cloud_oktas": 8,
				"cloud_type": "-",
				"cloud_type_id": null,
				"delta_t": 2.0,
				"gust_kmh": null,
				"gust_kt": null,
				"air_temp": 17.5,
				"dewpt": 14.0,
				"press": 1024.2,
				"press_msl": 1024.2,
				"press_qnh": null,
				"press_tend": "-",
				"rain_trace": "4.0",
				"rel_hum": 80,
				"sea_state": "-",
				"swell_dir_worded": "-",
				"swell_height": null,
				"swell_period": null,
				"vis_km": "5",
				"weather": "Rain",
				"wind_dir": "NE",
				"wind_spd_kmh": 9,
				"wind_spd_kt": 5
			}
		]
	}
}